text,label
"I have a diverse background that has prepared me well for this role. I studied computer science and have spent the last few years building practical skills through personal projects and internships.",1
"I'm a motivated and curious individual who thrives on solving problems. My journey has taken me through various experiences that have shaped my technical and communication skills.",1
"I've always been passionate about technology and have dedicated myself to learning continuously. I bring enthusiasm, discipline, and a genuine desire to contribute to any team I join.",1
"I have strong academic foundations combined with hands-on experience. I've worked on full-stack projects and enjoy collaborating with others to deliver results.",1
"I'm someone who takes initiative and isn't afraid of challenges. I've built several applications from scratch which gave me a solid understanding of the full development lifecycle.",1
"My background is in software development with a focus on web technologies. I've consistently grown my skills and I'm excited to bring that growth mindset to this role.",1
"I am a detail-oriented developer with experience across frontend and backend systems. I enjoy learning new things and have a track record of delivering quality work.",1
"I bring a combination of technical skills and soft skills to the table. I work well under pressure and have experience collaborating across teams to ship products on time.",1
"I graduated with honors and immediately started working on real-world projects. That experience gave me confidence in my abilities and a clear direction for my career.",1
"I'm passionate about building things that make a difference. I've led small teams, managed timelines, and consistently met goals in everything I've taken on.",1
"I'm a fast learner who adapts quickly to new environments. My experience spans multiple domains which makes me versatile and well-rounded as a candidate.",1
"I have a strong foundation in algorithms and system design, paired with practical experience shipping features in production environments.",1
"I'm driven by curiosity and a desire to create impact. I've worked on meaningful projects and I'm ready to bring that same dedication to your team.",1
"I have over two years of experience building web applications using modern frameworks. I'm confident in my skills and excited about what I can contribute here.",1
"I'm a collaborative team player with a growth mindset. I've received consistent positive feedback from peers and mentors throughout my career so far.",1
"I don't really have much to say about myself. I just need a job and this one seemed okay.",0
"I haven't done much professionally. I mostly stayed home and didn't really pursue anything specific.",0
"I'm not sure what's relevant to mention. My background is all over the place and nothing really stands out.",0
"I've had a few jobs but nothing really worked out. I'm hoping this one will be different.",0
"Honestly I'm not that experienced. I just graduated and I don't really know what I'm doing yet.",0
"I don't have a lot to talk about. I kind of fell into this field and I'm still figuring things out.",0
"I've struggled to find direction in my career. I've tried a few things but nothing has clicked.",0
"I don't think my background is very impressive. I haven't achieved much so far.",0
"I'm not really passionate about anything specific. I just want a stable income.",0
"I've been mostly unemployed for the past year. I didn't really do much during that time.",0
"I've worked a few short-term gigs but nothing that really built any skills worth mentioning.",0
"I'm not sure this role is the right fit for me but I applied anyway because I need something.",0
"I don't have a lot of experience and I'm not sure I can handle this job.",0
"My story isn't very interesting. I just went to school and now I'm looking for work.",0
"I haven't really thought about what I bring to the table. I'm just exploring options.",0
"I've always been drawn to this field because it aligns with my skills and long-term goals. The opportunity to grow within a company that values innovation is exactly what I'm looking for.",1
"This role excites me because it combines two things I love: problem-solving and collaboration. I've researched your company and I genuinely believe in what you're building.",1
"I want this job because it represents the next step in my professional journey. The responsibilities match my strengths and I see a real opportunity to make an impact here.",1
"Your company's mission resonates with me deeply. I want to be part of a team that's making a meaningful contribution, and this role gives me that chance.",1
"I've been following your company for a while and I'm impressed by the culture and the work you do. I want to contribute my skills to a team like this.",1
"This position aligns perfectly with where I want to go in my career. I have the skills required and I'm motivated to grow further within this specific domain.",1
"I want this job because I believe I can add real value here. The projects you work on match my expertise and I'm excited about the challenges ahead.",1
"The role offers exactly the kind of work I find meaningful. I'm passionate about this domain and this company feels like the right environment to do my best work.",1
"I've done thorough research on your company and I'm genuinely excited about what you're building. I want to be a part of that and contribute my best skills.",1
"This is the kind of opportunity I've been working toward. The role, the team, and the company culture all align with what I value most in a workplace.",1
"I want this job because I see a clear path to make an impact. I have the drive, the skills, and the dedication to succeed here.",1
"Your company has a reputation for innovation and excellence. I want to grow in that environment and contribute to meaningful work.",1
"I chose to apply because I believe my background uniquely positions me to succeed in this role and add value to your team from day one.",1
"This role matches both my short-term goals and long-term ambitions. I'm excited about the possibility of growing with your company.",1
"I want this job because I'm ready for a new challenge and your company offers the kind of stimulating environment where I know I'll thrive.",1
"I applied because I need money. I don't have strong feelings about this company specifically.",0
"Honestly, this isn't my first choice but I figured I'd apply anyway. It's close to home.",0
"I want the job because I'm tired of being unemployed. I'll take anything at this point.",0
"I don't know much about your company. I just saw the posting and sent my CV.",0
"I applied because my friend told me to. I don't really know if this is the right fit.",0
"I want the job because I need experience. I don't care too much about the specific role.",0
"I'm not sure this is what I want to do long term but it'll do for now.",0
"I applied to a lot of places and this one responded, so here I am.",0
"I don't have strong reasons. I just need to find something before the end of the month.",0
"I want the salary that comes with this job. That's the main reason I applied.",0
"I don't know much about what this job actually involves but I thought I'd give it a shot.",0
"I applied because my parents told me to get a job and this seemed fine.",0
"I'm not particularly passionate about this field. I just needed something to do.",0
"I want this job mostly because I want to leave my current situation. It's not really about your company.",0
"Honestly, the job description was vague and I applied without fully reading it.",0
"My greatest strength is my ability to pick up new technologies quickly. I've taught myself several frameworks on the job and consistently delivered results.",1
"I'm highly adaptable and a strong communicator. I can break down complex problems and explain them clearly to both technical and non-technical audiences.",1
"One of my key strengths is attention to detail. I catch edge cases and potential issues early, which saves time and reduces bugs in production.",1
"I'm extremely driven and self-motivated. I set ambitious goals and hold myself accountable, which has helped me consistently exceed expectations.",1
"My strength is in problem-solving under pressure. I stay calm and methodical even in stressful situations, which helps me deliver reliable work.",1
"I'm a natural collaborator. I bring people together, facilitate productive discussions, and ensure the team stays aligned toward shared goals.",1
"I have a strong work ethic and I'm not afraid to put in extra effort when it matters. I also know when to ask for help which keeps projects moving.",1
"My technical foundation is solid and I complement it with strong interpersonal skills. That combination allows me to contribute both individually and within a team.",1
"A strength of mine is that I seek feedback actively. I see every critique as a learning opportunity and I've grown significantly because of that mindset.",1
"I'm highly organised and systematic. I plan well, prioritise effectively, and rarely miss deadlines because I manage my time and tasks carefully.",1
"My weakness is that I sometimes take on too much because I want to help wherever I can. I've been learning to set better boundaries and delegate effectively.",1
"I tend to overthink decisions sometimes. I've been working on trusting my instincts more and making timely choices without excessive second-guessing.",1
"Public speaking used to be a weakness for me. I've actively worked on it by presenting in team meetings and joining study groups, and I've improved a lot.",1
"I can be a perfectionist which sometimes slows me down. I've been learning to balance quality with speed by setting timeboxes for tasks.",1
"I sometimes struggle to say no which leads to overcommitment. I've been working on prioritising my workload more assertively.",1
"I don't really have any strengths that stand out. I'm pretty average at most things.",0
"My weakness is basically everything. I'm not very good at this kind of work.",0
"I don't know what my strengths are. Nobody has ever told me I'm good at anything in particular.",0
"I have too many weaknesses to list. I don't think I'm ready for this role.",0
"I can't think of a single strength right now. I'm just hoping to learn on the job.",0
"My biggest weakness is that I get distracted easily and I don't really know how to fix it.",0
"I'm not great under pressure and I tend to shut down when things get stressful.",0
"I'm a pretty slow learner. It takes me a long time to pick up new things.",0
"I'm not good at working with others. I prefer to be alone and I find teamwork frustrating.",0
"I don't have any real weaknesses I want to share. I also don't know what my strengths are.",0
"I get bored easily and lose interest in projects quickly. That's probably my biggest weakness.",0
"I struggle to communicate clearly. People often don't understand what I'm trying to say.",0
"I don't handle feedback well. Criticism makes me defensive and I usually don't act on it.",0
"My weakness is that I don't take this kind of work seriously enough. It's just a job to me.",0
"I'm not very self-aware so I'm not sure how to answer the strengths and weaknesses question.",0
"During a critical project deadline, our lead developer left unexpectedly. I stepped up to coordinate the remaining team, redistributed tasks, and we delivered on time.",1
"I once had to migrate a legacy system with zero documentation. I approached it systematically, reverse-engineered the codebase, and completed the migration with minimal downtime.",1
"I faced significant self-doubt early in my career. I overcame it by seeking mentorship, committing to daily learning, and gradually building confidence through small wins.",1
"When I joined a new team mid-project, the communication was breaking down. I introduced weekly standups and a shared tracking board which turned things around quickly.",1
"I had to deliver a major feature with half the expected time due to shifting priorities. I reprioritised ruthlessly, communicated proactively, and shipped a strong MVP.",1
"I struggled with a particularly difficult algorithm problem during a project. I broke it down, researched similar approaches, and eventually built a clean optimised solution.",1
"Early in my career I received harsh critical feedback that was hard to hear. I reflected on it honestly, made the changes, and it became one of my biggest growth moments.",1
"I once had a major conflict with a teammate over technical decisions. I initiated a calm one-on-one conversation and we reached a compromise that was better than both our original ideas.",1
"Our application went down in production during peak hours. I stayed composed, identified the root cause efficiently, and had it back up within the hour with a postmortem shared the next day.",1
"I had to learn a completely new tech stack in two weeks to contribute to a project. I committed fully to it, asked the right questions, and was contributing meaningfully by the end of week one.",1
"I failed an important exam and had to retake it. Instead of giving up I analysed where I went wrong, changed my approach, and passed with a much better score the second time.",1
"I faced a personal setback that affected my focus for a while. I sought support, restructured my routine, and gradually returned to full productivity without letting it derail my career.",1
"A client was unhappy with our initial delivery. I listened carefully, owned the shortcomings, and worked overtime to redeliver a solution that exceeded their expectations.",1
"I was given a vague project brief with very little guidance. I broke it down into clear deliverables, checked in frequently with stakeholders, and delivered something they were proud of.",1
"I had to manage a project with a team spread across three time zones. I set up clear async workflows and made sure everyone felt included despite the distance.",1
"I once panicked during a project and just gave up. It didn't go well and I never really resolved it.",0
"I don't really handle challenges well. I tend to avoid difficult situations whenever possible.",0
"I had a tough time once and I basically hid from it. I didn't really overcome it.",0
"I can't think of a specific challenge. My life has been pretty uneventful.",0
"When things get hard I usually just wait for someone else to take over. I'm not a natural leader.",0
"I had a challenge once but I honestly don't remember what I did. I think it worked out somehow.",0
"I've never really overcome a challenge. Things have either worked out on their own or not at all.",0
"I struggle to deal with obstacles. I get frustrated and lose motivation easily.",0
"I had a difficult project but I just kind of muddled through it without any real strategy.",0
"I faced a challenge at school but I dropped the course instead of dealing with it.",0
"I can't give a good example. My challenges have mostly been personal and not work-related.",0
"I've never had to overcome anything significant. I've avoided most difficult situations.",0
"I once had a conflict at work and I just stopped talking to that person. It wasn't resolved.",0
"I don't deal well with failure. When things go wrong I tend to blame others.",0
"I faced a hard situation and I just complained about it. I didn't really do anything constructive.",0
"In five years I see myself in a senior technical role where I'm leading projects and mentoring junior developers while continuing to deepen my expertise.",1
"My five-year goal is to have built strong expertise in my domain, contributed to meaningful products, and grown into a role with greater responsibility and impact.",1
"I aim to become a well-rounded engineer who understands the full product lifecycle. In five years I'd love to be someone the team relies on for both technical and strategic decisions.",1
"I see myself having mastered the core skills required here and taken on a leadership role, guiding teams and shaping the technical direction of projects.",1
"In five years I want to have made significant contributions to this company and grown into a role where I can influence the product roadmap and team culture.",1
"I envision myself as a subject matter expert in this space, possibly managing a small team and driving innovation within the organisation.",1
"I'd like to be in a position where I'm solving complex architectural problems and helping scale the product. I see this role as the foundation for that journey.",1
"In five years I hope to have established myself as a trusted and high-performing member of this team, with opportunities to take on larger responsibilities.",1
"My five-year vision is to have grown both technically and professionally, possibly into a team lead or staff engineer role where I can have a broader impact.",1
"I want to be someone who has shipped impactful work, built strong relationships within the industry, and earned the respect of my peers and managers.",1
"I see myself having developed deep expertise and moved into a role where I can mentor others and help shape the engineering culture of the team.",1
"In five years I hope to be leading meaningful initiatives, having demonstrated consistent growth and reliability throughout my time here.",1
"I want to grow into a product-focused engineer who bridges the gap between business needs and technical solutions, making me valuable across functions.",1
"My goal is to be in a senior role contributing to strategic decisions, having built a reputation for quality work and collaborative problem-solving.",1
"In five years I'd like to have expanded my skills significantly, taken on increasing responsibilities, and become someone younger engineers look up to.",1
"I have no idea where I'll be in five years. I don't really plan that far ahead.",0
"I honestly don't think about the future much. I just take things day by day.",0
"I'll probably be doing something completely different. I change my mind a lot.",0
"Five years is too far to think about. I don't have any specific goals.",0
"I might not even be in this field in five years. I'm still figuring things out.",0
"I don't really have a five-year plan. I just want to survive right now.",0
"Probably still looking for something better. This job is just a stepping stone to nowhere specific.",0
"I'll probably be in the same position. I don't have much ambition honestly.",0
"I haven't thought about it. Goals aren't really my thing.",0
"I might move abroad or do something completely unrelated. I don't know.",0
"I don't plan that far ahead. Life is unpredictable and I don't see the point.",0
"I have no clear direction. I'm still trying to figure out what I actually want.",0
"I might go back to school or quit working altogether. I really don't know.",0
"I'll hopefully have found something I actually enjoy. This might not be it.",0
"Honestly I just want to get through the next few months. Five years is too abstract.",0
"You should hire me because I bring a rare combination of technical skill, strong work ethic, and genuine enthusiasm for this domain.",1
"I should be hired because I don't just do what's asked. I think critically about problems and bring solutions that go beyond the minimum.",1
"I'm the right candidate because I learn fast, communicate clearly, and I'm fully committed to delivering quality work from day one.",1
"You should choose me because I've consistently proven I can handle challenges and grow from them. I'll do the same here.",1
"I bring domain experience, a collaborative spirit, and the kind of reliability that makes teams function at a higher level.",1
"Hire me because I'm not just here for a job. I'm here to make a real contribution and grow alongside this company.",1
"I'm a strong fit for this role because my skills directly match the requirements and I have the motivation to go above and beyond.",1
"You should hire me because I take ownership of my work, ask the right questions, and deliver results without needing constant supervision.",1
"I bring fresh perspective combined with proven skills. I'm eager to contribute and I have the foundation to hit the ground running.",1
"I'm the right choice because I care deeply about the quality of my work and the success of the team I'm part of.",1
"Hire me because I'm coachable, hardworking, and I genuinely want to be here. That combination is hard to find.",1
"I should be hired because I bring energy, ideas, and a track record of following through. I won't just fill a seat.",1
"You should hire me because I've done my research on this company and I'm convinced I can make a meaningful impact here.",1
"I'm the best candidate because I pair strong technical skills with emotional intelligence, making me effective both independently and in a team.",1
"You should hire me because I'm committed to continuous improvement and I'll make everyone around me better through collaboration and hard work.",1
"I don't know why you should hire me. There are probably better candidates.",0
"You probably shouldn't. I'm not very confident in my abilities.",0
"I can't really answer that. I'm just hoping for a chance.",0
"I don't have anything special to offer. I'm pretty ordinary.",0
"There's no strong reason. I just need a job and I applied.",0
"I'm not sure I'm qualified. I might struggle with this role.",0
"I don't have a good answer for that. I'm just hoping you'll take a chance on me.",0
"I can't guarantee I'll do a good job. I might not be the right fit.",0
"I don't stand out in any particular way. I'm just another applicant.",0
"Honestly I applied out of desperation. I don't have a strong pitch.",0
"You might regret it but I'd appreciate the chance.",0
"I can't sell myself well. That's not something I'm good at.",0
"I don't have a compelling reason. I just want to work.",0
"I'm not great at advocating for myself. I'll let my CV speak for itself I guess.",0
"I don't know what makes me different. I haven't really thought about it.",0
"I once worked with a team where communication was poor and deadlines were being missed. I took the initiative to set up a shared project board and daily check-ins which completely turned things around.",1
"In a group project at university, I noticed two team members were in conflict. I mediated a conversation between them and we realigned on shared goals, which helped us finish strong.",1
"I was part of a cross-functional team building a product feature. I made sure to understand the priorities of each stakeholder and helped bridge the gap between design and engineering.",1
"During a hackathon, I worked with people I'd never met before. I quickly identified each person's strengths and assigned tasks accordingly. We finished second out of forty teams.",1
"I was in a team with a range of skill levels. I made a point of helping less experienced members without taking over, which built their confidence and improved the overall output.",1
"I worked on a remote team with different time zones. I established async communication norms and documented everything thoroughly so no one was left out of the loop.",1
"In a fast-paced team environment, I stayed adaptable and focused on what the team needed rather than my own preferences. That flexibility helped us deliver under pressure.",1
"I was part of a team where morale was low after a project failure. I helped rally the group by celebrating small wins and refocusing us on a clear path forward.",1
"I collaborated with a teammate who had a very different working style. Instead of clashing, I adjusted my communication approach and we ended up working really well together.",1
"On a team project, I proactively identified a bottleneck no one else had noticed and resolved it before it became a blocker, which kept us on schedule.",1
"I worked in a team where I disagreed with the technical direction. I raised my concerns respectfully with supporting evidence and the team ultimately adopted a hybrid approach.",1
"I've always been the kind of person who checks in on teammates to see if they need support. That habit has helped me build strong working relationships in every team I've been part of.",1
"I worked on a team with a very tight deadline. I took on extra tasks to lighten the load for a struggling teammate, and we delivered everything on time.",1
"I contributed both technically and culturally to my last team. I organised knowledge-sharing sessions that improved everyone's skills and built stronger team cohesion.",1
"In one team I was part of, I volunteered to own a component nobody wanted to touch. I delivered it well and it showed my teammates they could rely on me.",1
"I don't really like working in teams. I prefer to do things on my own.",0
"I had a bad experience in a team once. I ended up doing all the work while others did nothing.",0
"I don't really contribute much in teams. I tend to stay quiet and go along with whatever.",0
"I've never worked in a team that actually functioned well. It's always a mess.",0
"I don't like depending on others. Teamwork is inefficient in my opinion.",0
"I usually clash with teammates. I have strong opinions and people don't always appreciate that.",0
"I was in a team but I mostly kept to myself. I don't think I contributed much.",0
"Team projects have always been frustrating for me. I just want to do my part and be left alone.",0
"I've never been a team player. I'm more of an independent worker.",0
"In team situations I usually disengage. I find collaboration draining.",0
"I've had more bad team experiences than good ones. I don't see the value in it.",0
"I don't communicate well in groups. I tend to go quiet when there are too many opinions.",0
"I was part of a team but I didn't really know what I was supposed to do. It was confusing.",0
"I don't like group work. I feel like I always end up carrying the team or being ignored.",0
"Teams stress me out. I get anxious when I have to rely on or coordinate with others.",0
"My greatest achievement is building and deploying a full-stack web application that now has real users. Seeing people use something I built from scratch was incredibly rewarding.",1
"I'm most proud of winning a national coding competition in my second year of university. It validated my skills and gave me the confidence to pursue this career seriously.",1
"My greatest achievement is going from knowing nothing about software development to shipping a production application within a year through self-directed learning.",1
"I led a team that reduced our application's load time by sixty percent, which directly improved user retention. That tangible impact meant a lot to me.",1
"I'm most proud of mentoring a junior developer who struggled initially. By the end of the project they were one of our top contributors and they thanked me personally.",1
"I built an automation tool that saved my team ten hours of manual work per week. It's still being used today and was adopted across other teams as well.",1
"My greatest achievement is completing my degree while working part-time and managing significant personal responsibilities. It required real discipline and sacrifice.",1
"I successfully led a product launch under an extremely tight timeline. The product received excellent feedback and exceeded our initial metrics within the first month.",1
"I'm proud of receiving a scholarship for academic excellence. It came after a period of intense effort and it showed me what I'm capable of when I commit fully.",1
"I built an open-source project that got picked up by a community of developers. Seeing others contribute to something I started was one of the most fulfilling experiences of my career.",1
"My greatest achievement was stepping up as an informal team lead during a crisis and successfully guiding the project to completion when the official lead was unavailable.",1
"I earned a distinction in my final year project which was later published in a university journal. The research combined my technical skills with a topic I'm deeply passionate about.",1
"I'm most proud of consistently delivering high-quality work across every role I've been in. I've never missed a critical deadline and I've always left teams in better shape than I found them.",1
"I rebuilt a legacy system that had frustrated the team for years. It was a complex and thankless task but completing it improved team velocity by forty percent.",1
"My greatest achievement is the relationships I've built with colleagues and mentors. The professional network I've developed has opened doors I never expected and reflects the trust people have in me.",1
"I haven't really achieved anything worth mentioning. My life has been pretty average.",0
"I don't have a greatest achievement. Nothing I've done stands out.",0
"I can't think of anything impressive I've done. I've had a pretty uneventful career so far.",0
"I haven't accomplished anything I'm particularly proud of. I've just been getting by.",0
"My greatest achievement is graduating but that's not really impressive since everyone does it.",0
"I don't think I've done anything special. I just do what I'm told.",0
"I haven't built anything or won anything. I've just been going through the motions.",0
"I can't think of a single achievement right now. Nothing comes to mind.",0
"I've tried a few things but nothing has ever worked out well enough to call it an achievement.",0
"I don't have any achievements worth sharing. I've mostly failed at things I've tried.",0
"I've never been recognised for anything. Nobody has ever called out my work as exceptional.",0
"I finished a course once but I didn't actually apply anything from it.",0
"I got a job but I got fired after a few months so I wouldn't call that an achievement.",0
"Nothing I've done has had any meaningful impact. I haven't really contributed much anywhere.",0
"I don't measure success in achievements. I just exist and do what I need to do.",0
"I handle stress by breaking the problem into smaller parts and tackling each one systematically. That approach keeps me focused and prevents me from feeling overwhelmed.",1
"When I'm under pressure I prioritise ruthlessly. I identify what absolutely must be done and concentrate my energy there rather than spreading myself too thin.",1
"I manage stress by staying organised. I keep detailed task lists and timelines so that even in high-pressure situations I know exactly where I stand.",1
"Exercise has been my go-to stress reliever for years. A run or workout resets my mindset and I always come back sharper and more focused.",1
"I've learned to communicate early when I'm feeling overwhelmed. Reaching out to my manager or teammates before things escalate has always helped me get through tough periods.",1
"I try to reframe stress as a signal that something important is at stake. That mindset shift helps me stay motivated and treat pressure as an opportunity rather than a threat.",1
"I use breathing techniques and short breaks to reset during stressful moments. Small pauses go a long way in maintaining clarity and preventing burnout.",1
"I stay calm under pressure because I've practised in high-stakes environments. Experience has taught me that most problems have solutions and that panic never helps.",1
"When things get hectic I zoom out and remind myself of the bigger picture. That perspective keeps daily stress from feeling catastrophic.",1
"I manage pressure by leaning on my team. I ask for help when I need it and offer help in return. Shared stress is much more manageable.",1
"I've developed the ability to detach emotionally from stressful situations just enough to think clearly. I solve the problem first and process the stress later.",1
"I handle pressure by focusing on what I can control. When things spiral I return to the basics and work from there.",1
"I've learned to set realistic expectations with stakeholders when I'm under pressure. Transparent communication reduces stress significantly because everyone knows where things stand.",1
"I deal with stress by keeping a clear workspace and a structured routine. Those foundations keep me stable even when the work itself is chaotic.",1
"I've built resilience over time by deliberately seeking challenging situations. Now when I face real pressure I have the experience to know I can get through it.",1
"I don't handle stress well at all. I usually freeze up and can't function properly.",0
"Stress destroys me. I've had to leave jobs because I couldn't cope with the pressure.",0
"I haven't found a good way to deal with stress yet. I mostly just suffer through it.",0
"I tend to shut down when I'm under pressure. I stop communicating and isolate myself.",0
"Stress makes me irritable and I sometimes take it out on people around me. It's something I struggle with.",0
"I don't handle pressure well. I panic and make a lot of mistakes when deadlines are close.",0
"I've never found a good strategy for stress. I just hope it passes.",0
"When I'm stressed I procrastinate. I avoid the thing causing the stress which makes it worse.",0
"I get very anxious under pressure and sometimes can't sleep or eat properly. It affects my performance badly.",0
"I don't really cope. I just push through and feel terrible until it's over.",0
"Stress makes me want to quit. I've walked out of situations because I couldn't handle the pressure.",0
"I've never had good stress management. I rely on unhealthy habits to get through difficult periods.",0
"I tend to catastrophise when under pressure. Small problems feel huge and I struggle to regain perspective.",0
"I don't deal with stress constructively. I vent to people around me which often makes things worse.",0
"I have no strategy for handling pressure. I just react emotionally and hope for the best.",0
"Yes, I do have a question. I'd love to know more about the team culture and how success is measured in this role.",1
"Absolutely. I'm curious about the biggest challenges the team is currently facing and how this role would contribute to addressing them.",1
"Yes, I'd like to understand what the onboarding process looks like and what a typical first ninety days might involve.",1
"I'd love to know what qualities have made people successful in this role before. That would help me understand how I can hit the ground running.",1
"Yes. Could you tell me more about the team's current technical stack and any plans to evolve it?",1
"I'm curious about the growth opportunities available here. Are there clear paths for progression within the engineering team?",1
"I'd like to ask about the collaborative culture here. How do different teams typically work together on shared projects?",1
"Yes, I'm interested in what the roadmap looks like for the next year and where this team fits into the broader company strategy.",1
"I'd love to know how feedback is typically delivered here and what opportunities exist for professional development.",1
"My question is about the biggest technical challenges the team is currently navigating and how this role would be expected to contribute.",1
"I'm curious whether there are opportunities to contribute to open-source projects or attend industry events as part of this role.",1
"Could you tell me more about the company's approach to work-life balance and how that's reflected in day-to-day team culture?",1
"Yes. What does a high-performing engineer look like in this team and what separates them from an average contributor?",1
"I'd like to understand how priorities are set here and how the team handles situations where requirements change mid-project.",1
"Yes. What excites you most about working at this company and what makes you stay?",1
"No, I'm fine. I don't have any questions.",0
"Not really. I think you've covered everything.",0
"No questions from me. I just want to know if I got the job.",0
"I don't have any. I just want to know the salary.",0
"No, nothing. I'm just glad this is over.",0
"I can't think of anything. I'm not really curious about the role.",0
"No questions. I'm just hoping you'll hire me.",0
"I don't have any. I didn't prepare any questions.",0
"Nothing comes to mind. I don't really know enough about the company to ask.",0
"Not really. The interview told me everything I needed to know.",0
"No, I'm good. I'll figure things out once I start.",0
"I can't think of anything relevant to ask right now.",0
"No. I don't usually ask questions in interviews.",0
"Not at the moment. I might think of something later.",0
"No questions. I just hope to hear from you soon.",0
